,10,15,20,35,40,50,60,601,61,101,103,105,107,109,111,113,115,117,119,120,121,123,125,127,129,131,139,141,143,145,147,149,151,153,157,159,161,163,164,166,167,169,171,173,177,179,181,183,184,185,187,189,191,193,195,197,199,201,203,204,205,206,207,208,209,211,213,215,217,219,225,229,231,237,239,241,243,247,249,251,253,255,257,259,261,263,265,267,269,271,273,275,River,Lake,1,2,3
0,-0.4500702,28.593657,8.839204,40.61247,3.9928799,7.1628,63.706444,92.187874,92.187874,31.553928,31.239683,36.066795,38.04603,38.158802,41.486073,43.936718,40.5136,41.58404,47.412575,47.280834,49.68564,47.081696,45.545506,31.315067,32.8354,46.545223,37.20859,44.214314,43.508984,45.500443,40.44829,41.32943,37.16854,27.230913,43.286083,44.427105,44.342678,43.898136,43.898136,46.031727,46.376137,46.37636,45.7412,45.734497,41.980236,41.976078,41.986042,41.0627,39.16405,39.342834,40.624058,43.309044,36.89622,39.059246,39.842846,37.508717,43.53507,42.67069,42.0415,37.957767,36.515156,42.335087,39.958225,37.69334,43.05871,40.274982,40.25496,40.196102,40.49483,41.10091,39.883347,39.160175,40.835278,38.125824,38.430702,38.43072,38.125797,36.90783,36.90783,33.25369,31.461088,34.220524,41.14757,38.57631,45.714825,45.664883,45.033703,38.151543,44.65084,42.623016,40.47756,39.655293,0.0,0.0,3.9928799,7.1628,8.839199
3600,28.253721,28.887156,9.099179,41.51377,4.1912026,6.752899,63.751488,92.49032,92.49032,39.86787,38.76359,41.14447,42.90479,43.917774,45.09152,46.935894,44.1239,44.795322,48.46256,49.07263,50.567863,47.94565,46.316494,31.743973,33.26367,46.967415,37.56419,44.544044,43.802483,45.842808,40.822872,41.720272,37.794167,27.851578,44.327133,45.463226,45.379498,44.928135,44.92813,47.061718,47.36522,47.36567,46.661606,46.653477,42.876884,42.8694,42.8875,41.992485,40.139942,40.38485,41.961254,44.534092,38.939503,41.077663,41.8404,39.98203,44.115303,43.215557,42.58443,39.191044,37.07498,42.627384,40.386703,37.831306,42.928867,40.055294,40.01055,39.893753,40.186512,40.78914,39.573174,38.822105,40.495934,37.790363,38.082718,38.082672,37.777634,36.557945,36.55796,32.900364,31.061285,33.836704,43.902508,41.47681,49.078533,49.147617,46.04539,39.72237,45.767307,43.530823,41.041176,40.189754,0.0,0.0,4.1912026,6.752899,9.09917
7200,28.764309,30.003231,9.450786,42.429108,4.620553,6.3697643,63.793495,92.77364,92.77364,41.517067,40.463516,42.57263,44.33782,45.618263,46.423203,48.171158,45.39577,45.88123,49.37841,50.042973,51.39181,48.75257,47.07101,32.246735,33.76747,47.476234,38.41828,45.631126,44.91856,46.980885,41.977005,42.878544,38.91869,28.973625,45.260044,46.413826,46.33892,45.885418,45.885418,48.019012,48.311596,48.311863,47.5929,47.584732,43.787186,43.77441,43.802868,42.909157,41.079483,41.328667,42.944324,45.506203,40.02485,42.158993,42.919144,41.14474,45.038017,44.133957,43.503254,40.160294,37.98759,43.3688,41.227806,38.459743,43.361244,40.421604,40.381824,40.312836,40.61052,41.215996,39.99871,38.95931,40.634186,37.885788,38.089092,38.088192,37.783245,36.538284,36.538452,32.855026,30.928375,33.690605,44.96266,42.549416,50.174667,50.270042,46.996147,40.73085,46.730705,44.45073,41.956635,41.0987,0.0,0.0,4.620553,6.3697643,9.450771
10800,28.87142,30.415579,9.869709,42.81718,5.1589575,6.5349965,63.81314,92.9066,92.9066,41.86266,40.817886,42.95039,44.717487,45.990387,46.809204,48.557953,45.7821,46.26777,49.765045,50.429447,51.777653,49.130444,47.462555,32.656273,34.177036,47.885975,38.82923,46.04226,45.330906,47.391388,42.386257,43.287178,39.318798,29.373783,45.646152,46.79895,46.723244,46.269512,46.26951,48.403107,48.694683,48.694942,47.97463,47.96624,44.17741,44.166553,44.19094,43.299255,41.45459,41.711216,43.329433,45.891712,40.411938,42.54605,43.30614,41.531834,45.36705,44.45527,43.82305,40.5445,38.315876,43.669724,41.541557,38.74612,43.622395,40.67426,40.63412,40.56687,40.86474,41.470318,40.252983,39.184525,40.85944,38.10753,38.299942,38.298927,37.993988,36.74562,36.745804,33.058357,31.11436,33.876114,45.348366,42.934948,50.5602,50.654884,47.379597,41.116528,47.115646,44.83708,42.28497,41.419266,0.0,0.0,5.1589575,6.5349965,9.869695
14400,29.65928,31.970745,10.28473,44.297886,5.6659727,6.740044,63.877914,93.34698,93.34698,44.400757,43.429104,45.22699,46.99512,48.61418,48.884487,50.52082,47.766354,48.009373,51.171574,52.03388,53.051693,50.378204,48.613033,33.352013,34.874107,48.587944,40.01371,47.55655,46.886074,48.99804,44.026188,44.93709,40.956665,31.007254,47.09047,48.287487,48.23748,47.78631,47.786304,49.919907,50.2191,50.21918,49.48942,49.481594,45.64846,45.626976,45.671818,44.78366,43.00574,43.245598,44.921173,47.4523,42.196167,44.32926,45.083626,43.41075,47.0141,46.11107,45.479942,42.116043,39.972538,45.306965,43.20261,40.356377,45.185814,42.221684,42.196426,42.17584,42.47851,43.08688,41.86825,40.563675,42.23962,39.39805,39.471313,39.468914,39.164066,37.872425,37.872803,34.12857,31.882603,34.631485,47.071335,44.6778,52.343773,52.477245,48.902706,42.7559,48.670105,46.327477,43.938866,43.075676,0.0,0.0,5.6659727,6.740044,10.284711
18000,29.004883,36.06442,10.455683,42.687435,6.0642786,7.2540083,65.79892,65.79857,65.798225,42.293125,41.27417,42.90145,44.663666,46.372982,46.625168,48.358234,45.45774,45.621353,48.66793,49.567204,50.366478,46.775444,46.404125,32.6933,34.21559,47.928513,39.522896,47.19349,48.574516,48.219486,42.97498,43.775375,38.835403,28.88185,44.746742,46.168167,46.27275,45.85552,45.85552,47.989117,48.430878,48.430992,47.79536,47.78788,44.061195,44.06115,44.061436,43.1828,41.367847,41.60023,43.145756,45.68093,40.215553,42.34857,43.10328,41.347084,45.40407,44.508514,43.8763,40.386414,38.381676,43.95088,41.713398,39.15117,44.242435,41.366444,41.344883,41.31555,41.61732,42.22517,41.006783,39.992615,41.668365,38.90386,39.112297,39.111366,38.806503,37.55989,37.560047,33.872063,31.913786,34.665077,44.65132,42.264214,49.95258,50.08936,47.06671,40.8919,46.895992,44.69366,42.344097,41.486565,0.0,0.0,6.0642786,7.2540083,10.455683
21600,29.09896,36.19805,10.400481,42.923595,6.2691965,7.563003,65.81933,65.81899,65.81866,42.59644,41.585663,43.184753,44.946804,46.687477,46.883106,48.61179,45.70705,45.85592,48.833443,49.759712,50.511276,47.050423,46.50972,32.689747,34.212227,47.925568,39.598476,47.324463,48.708145,48.36185,43.12369,43.926502,39.0027,29.048243,44.927574,46.369556,46.487793,46.073307,46.073307,48.2069,48.65987,48.659966,48.03018,48.022835,44.297096,44.29696,44.29749,43.419106,41.612457,41.841217,43.383945,45.91472,40.462357,42.595154,43.34919,41.598198,45.669674,44.776905,44.1449,40.62559,38.649082,44.239643,41.9918,39.451683,44.563324,41.694176,41.67457,41.649235,41.95142,42.559505,41.34101,40.329906,42.005753,39.238415,39.446835,39.445892,39.141037,37.893997,37.89415,34.205296,32.24078,34.990967,44.87025,42.486935,50.187527,50.32726,47.29206,41.129246,47.127796,44.929363,42.611454,41.755924,0.0,0.0,6.2691965,7.563003,10.400481
25200,28.957567,39.759125,10.501099,42.958897,6.4884157,7.8928432,65.82474,65.824394,65.82405,42.140545,41.11787,42.85925,44.626556,46.248074,46.687412,48.460655,45.531822,45.72218,48.90016,49.7385,50.586124,47.123077,46.590916,32.788307,34.311653,48.02358,40.20089,48.294247,50.884327,49.186615,43.847225,44.607815,39.27336,29.312376,44.981365,46.407726,46.516552,46.10086,46.10086,48.234455,48.683327,48.68348,48.056446,48.04888,44.33315,44.333748,44.332954,43.450085,41.617683,41.851532,43.378403,45.925346,40.384426,42.517822,43.274117,41.482952,45.64417,44.746956,44.114075,40.625626,38.62229,44.2234,41.965363,39.44699,44.57868,41.71633,41.693085,41.654285,41.955082,42.562363,41.344242,40.40299,42.078533,39.33004,39.569077,39.56848,39.263596,38.02729,38.027397,34.352257,32.455597,35.2095,44.773075,42.378365,50.046032,50.173134,47.316486,41.10799,47.1433,44.962223,42.584694,41.726357,0.0,0.0,6.4884157,7.8928432,10.501094
28800,29.072077,39.92029,10.5988035,43.13039,6.6041713,8.048806,65.83466,65.83433,65.83399,42.509766,41.49676,43.18396,44.949947,46.622944,46.96006,48.714035,45.794525,45.96345,49.05554,49.93116,50.72387,47.256798,46.722286,32.89831,34.42176,48.134434,40.34189,48.45528,51.045494,49.35071,44.0119,44.772617,39.437897,29.476961,45.142876,46.57657,46.689777,46.274628,46.274628,48.408226,48.85895,48.85907,48.230625,48.223103,44.504387,44.504543,44.50438,43.623135,41.799583,42.03268,43.56709,46.107056,40.605957,42.739117,43.494385,41.720875,45.828743,44.930626,44.29709,40.81166,38.808926,44.42285,42.15827,39.653847,44.798397,41.94035,41.919647,41.887913,42.189438,42.797142,41.578823,40.623146,42.298843,39.545326,39.778095,39.77742,39.472553,38.233772,38.23389,34.5554,32.642166,35.39412,44.99855,42.608753,50.290565,50.423172,47.49168,41.303967,47.32309,45.134438,42.77121,41.910896,0.0,0.0,6.6041713,8.048806,10.5988035
32400,28.951454,39.794704,10.71296,43.14357,6.757488,8.261295,65.80914,65.8088,65.80846,42.120823,41.098927,42.855392,44.624737,46.239502,46.722908,48.521664,45.560364,45.740517,48.914814,49.75189,50.572693,46.91315,46.615425,32.93204,34.455246,48.166954,40.28092,48.329865,50.919903,49.21357,43.8707,44.630142,39.29233,29.331253,45.0265,46.4955,46.633648,46.224438,46.224438,48.358036,48.83419,48.83435,48.22586,48.218285,44.519775,44.52299,44.517582,43.63384,41.78737,42.021297,43.527252,46.07805,40.490215,42.62364,43.38017,41.568085,45.811806,44.913807,44.280277,40.781845,38.791473,44.42072,42.14583,39.6634,44.828228,41.977036,41.95435,41.91351,42.2141,42.82126,41.603195,40.69911,42.374607,39.63017,39.882946,39.88249,39.577606,38.345554,38.34564,34.67549,32.800026,35.554493,44.78708,42.392227,50.061108,50.186394,47.45817,41.240543,47.295937,45.142544,42.75381,41.894447,0.0,0.0,6.757488,8.261295,10.712964
36000,28.95724,39.74253,10.623417,43.150753,6.7670035,8.352076,65.80487,65.804535,65.80419,42.13949,41.11853,42.85624,44.62528,46.256145,46.717243,48.517887,45.549458,45.719936,48.86631,49.714706,50.511,46.8557,46.550873,32.853455,34.376698,48.08855,40.218002,48.277668,50.867733,49.163353,43.821194,44.58086,39.24369,29.28241,44.98958,46.47446,46.62334,46.216393,46.216393,48.349983,48.835487,48.83564,48.232864,48.22546,44.527588,44.53142,44.524845,43.642128,41.80427,42.03323,43.532253,46.081314,40.490597,42.623966,43.380272,41.567028,45.859447,44.96701,44.334576,40.789284,38.83964,44.4819,42.201817,39.73046,44.90549,42.057728,42.03578,41.996304,42.297035,42.904278,41.686172,40.78635,42.46188,39.71745,39.971786,39.971344,39.666466,38.43479,38.434875,34.765083,32.890945,35.64503,44.76047,42.367146,50.0408,50.167423,47.45638,41.241783,47.298744,45.14972,42.801956,41.94782,0.0,0.0,6.7670035,8.352076,10.623421
39600,28.854168,35.978443,10.5524435,43.09782,6.7611203,8.441968,65.79629,65.795944,65.7956,41.807003,40.77819,42.568474,44.33975,45.924824,46.494797,48.326115,45.330814,45.51264,48.719303,49.54213,50.39087,46.740093,46.434128,32.7576,34.279583,47.990623,39.501007,47.11779,48.48854,48.13734,42.89431,43.696102,38.792084,28.83761,44.85701,46.363064,46.527,46.123707,46.123707,48.257305,48.758545,48.758728,48.168625,48.16116,44.476925,44.483658,44.47177,43.58935,41.73272,41.963043,43.44431,46.00121,40.351044,42.484566,43.24178,41.40206,45.77923,44.885628,44.25275,40.707592,38.759537,44.420048,42.127777,39.68244,44.88146,42.041786,42.018723,41.971478,42.271404,42.87818,41.660294,40.809135,42.484493,39.742634,40.01282,40.012547,39.70765,38.480972,38.481037,34.817112,32.964626,35.72086,44.56263,42.165363,49.828804,49.949886,47.373997,41.138237,47.219723,45.093456,42.721836,41.86702,0.0,0.0,6.7611203,8.441968,10.5524435
43200,28.85667,35.906586,10.443227,43.038048,6.679529,8.423583,65.78989,65.78954,65.78919,41.815086,40.78668,42.54997,44.320267,45.926163,46.45838,48.285133,45.29016,45.46322,48.63991,49.47593,50.30258,46.653873,46.343834,32.65707,34.1791,47.890366,39.417015,47.04479,48.41668,48.066048,42.823593,43.625534,38.72031,28.765688,44.78291,46.295994,46.464577,46.06217,46.06216,48.195763,48.700577,48.70075,48.112488,48.105236,44.416336,44.42205,44.41205,43.529133,41.68834,41.912228,43.39071,45.944664,40.30313,42.436604,43.19352,41.357887,45.775433,44.889378,44.25825,40.65497,38.75563,44.420326,42.128918,39.681732,44.879036,42.038788,42.0162,41.971138,42.271294,42.878197,41.66025,40.80015,42.47555,39.73336,40.00088,40.000576,39.695683,38.46815,38.468216,34.803284,32.947598,35.703228,44.507927,42.112392,49.7807,49.903847,47.31489,41.084576,47.162857,45.034733,42.717964,41.8705,0.0,0.0,6.679529,8.423583,10.443227
46800,28.89971,35.88209,10.345884,43.007633,6.621831,8.427825,65.78482,65.78447,65.78412,41.953922,40.92918,42.63734,44.40559,46.05653,46.499336,48.31158,45.323177,45.480103,48.586033,49.452423,50.23307,46.58561,46.272026,32.571953,34.0941,47.805958,39.366795,47.017246,48.392185,48.041832,42.799946,43.60189,38.689793,28.73496,44.73579,46.257442,46.431442,46.02991,46.02991,48.16351,48.6717,48.67185,48.084145,48.077007,44.3836,44.38677,44.381424,43.495884,41.6678,41.88862,43.370987,45.91964,40.306072,42.43939,43.195545,41.37291,45.77298,44.889187,44.258274,40.63388,38.75441,44.42956,42.133686,39.69603,44.902126,42.06481,42.043995,42.00452,42.30525,42.91249,41.694386,40.82232,42.49785,39.755035,40.019123,40.01878,39.713894,38.48509,38.485153,34.818584,32.95703,35.711124,44.511795,42.120373,49.80046,49.928272,47.285023,41.069523,47.136703,45.00476,42.716614,41.870667,0.0,0.0,6.621831,8.427825,10.345884
50400,28.982391,35.905575,10.267754,43.048874,6.6265655,8.472785,65.78138,65.78103,65.78068,42.220608,41.202805,42.83539,44.600853,46.31585,46.62913,48.423977,45.440952,45.577564,48.566048,49.47864,50.185623,46.539276,46.223133,32.509235,34.03154,47.744205,39.353596,47.036163,48.41567,48.065563,42.82436,43.626232,38.703236,28.74802,44.731186,46.273014,46.460133,46.061047,46.061047,48.19465,48.71259,48.71271,48.12891,48.12204,44.423214,44.424473,44.42251,43.536316,41.730385,41.9438,43.4273,45.96723,40.390278,42.523266,43.278244,41.472004,45.88108,45.004833,44.37544,40.689793,38.86356,44.54696,42.250385,39.814228,45.02171,42.18483,42.16619,42.134457,42.43598,43.043686,41.825367,40.926884,42.602585,39.85613,40.110943,40.1105,39.80563,38.573593,38.573673,34.903053,33.024445,35.7764,44.584354,42.199734,49.90065,50.034847,47.322845,41.129593,47.181637,45.046875,42.825634,41.986332,0.0,0.0,6.6265655,8.472785,10.267754
54000,1.5866752,35.439938,10.222306,42.440147,6.698254,8.596177,65.74461,65.744255,65.74389,33.590675,33.278465,37.923183,39.89963,40.195763,43.38424,45.82046,42.33704,43.02062,47.84375,48.038746,49.678146,46.04421,45.770287,32.290775,33.812897,47.526352,38.99169,46.565594,47.950035,47.5705,42.309258,43.10249,38.089554,28.139997,44.001575,45.531948,45.710537,45.318363,45.318363,47.451958,48.008533,48.00863,47.48796,47.48161,43.827625,43.843254,43.813683,42.928856,41.023884,41.206646,42.478485,45.135357,38.76828,40.91798,41.69115,39.388428,45.363594,44.502308,43.87312,39.8155,38.349953,44.159924,41.791298,39.50884,44.85801,42.068752,42.05731,42.03307,42.335373,42.94352,41.725,40.925823,42.60169,39.859596,40.149445,40.14933,39.84448,38.622223,38.622246,34.962227,33.12374,35.873627,42.321384,39.80813,47.157345,47.12874,46.59928,39.998337,46.398193,44.42847,42.311165,41.487442,0.0,0.0,6.698254,8.596177,10.22231
57600,1.5202048,38.765347,9.990775,42.315792,6.3500566,8.562639,65.73703,65.73667,65.73631,33.524204,33.211384,37.85517,39.830524,40.127575,43.304462,45.73736,42.2644,42.951847,47.7717,47.965496,49.574333,45.942158,45.652275,32.112194,33.635284,47.34896,39.342487,47.30016,49.89055,48.16091,42.80373,43.557606,38.182194,28.227354,43.920403,45.43768,45.607094,45.212933,45.212933,47.346523,47.89469,47.894775,47.36826,47.361977,43.699448,43.710976,43.689316,42.797085,40.911278,41.092144,42.37241,45.02336,38.67544,40.82427,41.597233,39.29922,45.262142,44.40272,43.773327,39.70646,38.249268,44.072353,41.69454,39.431698,44.798958,42.015766,42.005566,41.983448,42.28596,42.89424,41.675655,40.884644,42.560555,39.818745,40.111504,40.111412,39.806564,38.58501,38.58503,34.925674,33.089207,35.83851,42.250763,39.737865,47.08849,47.059883,46.48828,39.898727,46.28468,44.30544,42.21024,41.38962,0.0,0.0,6.3500566,8.562639,9.99078
61200,1.4199365,38.61555,9.798486,42.155224,6.073757,8.517494,65.7257,65.725334,65.724976,33.423935,33.110546,37.750057,39.724545,40.025272,43.190704,45.619152,42.15356,42.833817,47.619236,47.824986,49.41724,45.789555,45.490734,31.932602,33.455753,47.16969,39.18082,47.150314,49.74075,48.012985,42.656197,43.410145,38.033676,28.078985,43.767944,45.284737,45.453537,45.059105,45.059097,47.192703,47.739426,47.739506,47.21097,47.2048,43.537045,43.546513,43.52876,42.633568,40.765587,40.944084,42.23081,44.8752,38.547047,40.694748,41.467197,39.174988,45.12998,44.273014,43.64339,39.56258,38.118492,43.95994,41.5708,39.33212,44.721645,41.945934,41.937233,41.917637,42.220413,42.82884,41.610184,40.82919,42.505157,39.763897,40.060204,40.060146,39.755306,38.53459,38.534603,34.876045,33.041607,35.79022,42.123978,39.612984,46.970608,46.94263,46.33364,39.761906,46.132965,44.145824,42.078957,41.26267,0.0,0.0,6.073757,8.517494,9.798491
64800,1.435638,38.51068,9.616664,42.057434,5.8418317,8.454651,65.71638,65.716,65.71564,33.439636,33.125072,37.75604,39.72941,40.036087,43.18455,45.602383,42.148106,42.806515,47.50836,47.74277,49.2903,45.663937,45.35701,31.770813,33.294064,47.00849,39.05325,47.04536,49.63588,47.911716,42.55572,43.309834,37.93146,27.976894,43.662697,45.18631,45.359238,44.96533,44.96533,47.098927,47.64719,47.647243,47.117203,47.111164,43.43702,43.443966,43.430965,42.533237,40.691135,40.86711,42.16616,44.79899,38.50929,40.654934,41.426228,39.146385,45.070004,44.216305,43.58712,39.49359,38.059868,43.908215,41.516685,39.283096,44.677322,41.90318,41.89582,41.880848,42.184105,42.792805,41.574024,40.782845,42.45891,39.716106,40.00964,40.00955,39.70472,38.483063,38.48308,34.82339,32.98679,35.734123,42.075375,39.569073,46.94374,46.91745,46.241257,39.705666,46.049324,44.049194,42.019745,41.20684,0.0,0.0,5.8418317,8.454651,9.616664
68400,1.2916932,38.36212,9.452488,41.91154,5.672768,8.4473915,65.70595,65.705574,65.70521,33.295692,32.981136,37.61195,39.585327,39.89217,43.040665,45.45853,42.00407,42.66211,47.363228,47.59788,49.144894,45.523544,45.20913,31.613173,33.136433,46.850857,38.90087,46.8968,49.48732,47.764,42.40846,43.16275,37.78558,27.830961,43.517956,45.042118,45.215424,44.821594,44.821594,46.955193,47.503777,47.503838,46.97413,46.968235,43.29069,43.297104,43.285133,42.386803,40.55555,40.727127,42.023277,44.654842,38.36562,40.511192,41.28248,39.002655,44.96086,44.111534,43.482765,39.35173,37.952007,43.823086,41.42089,39.210056,44.62525,41.858162,41.85162,41.83664,42.139896,42.748604,41.529816,40.755398,42.43147,39.69003,39.989017,39.98898,39.684147,38.463963,38.46397,34.805832,32.97291,35.72024,41.930786,39.42452,46.799335,46.77306,46.097733,39.561802,45.905396,43.904125,41.91128,41.104805,0.0,0.0,5.672768,8.4473915,9.452488
72000,0.77513874,38.07898,9.294428,41.62991,5.5165915,8.385218,65.688835,65.68845,65.68808,32.779137,32.46681,37.118374,39.0949,39.384224,42.57629,45.012863,41.532696,42.231934,47.098263,47.276146,48.910145,45.293053,44.983494,31.426424,32.949497,46.662838,38.655624,46.61385,49.20418,47.475502,42.119488,42.87388,37.50352,27.54835,43.244488,44.75892,44.926712,44.5324,44.5324,46.665997,47.21396,47.214058,46.68955,46.68372,43.01004,43.01786,43.003456,42.10402,40.246117,40.411613,41.674305,44.32643,37.96148,40.11126,40.88491,38.58126,44.690872,43.846645,43.218925,39.014538,37.6808,43.574142,41.16208,38.972298,44.406906,41.646362,41.637753,41.612423,41.914608,42.522694,41.3042,40.559006,42.234848,39.50623,39.81107,39.81108,39.50623,38.287582,38.287582,34.63149,32.81847,35.56866,41.542793,39.027313,46.368427,46.339005,45.80739,39.19162,45.59505,43.621532,41.640804,40.84149,0.0,0.0,5.5165915,8.385218,9.294428
75600,0.3580386,37.81321,9.110821,41.31133,5.2971907,8.124234,65.67178,65.6714,65.67102,32.362038,32.05028,36.721394,38.699955,38.968937,42.192352,44.63149,41.142693,41.87043,46.834938,46.97973,48.673313,45.063435,44.753094,31.223108,32.746056,46.458725,38.414593,46.348198,48.93841,47.206013,41.84932,42.60361,37.235634,27.280354,42.96725,44.46346,44.619408,44.22295,44.22295,46.35655,46.896313,46.89643,46.36949,46.363525,42.692272,42.70114,42.68488,41.786724,39.904198,40.07166,41.32418,43.98605,37.59402,39.746212,40.5211,38.20925,44.337673,43.49025,42.86189,38.667995,37.326508,43.21867,40.805676,38.617886,44.05433,41.29441,41.283978,41.25224,41.553764,42.161465,40.943146,40.20588,41.881577,39.159122,39.465176,39.465218,39.160347,37.94285,37.94284,34.28891,32.494328,35.246284,41.206753,38.685783,46.006626,45.975502,45.49206,38.831852,45.265385,43.302494,41.287,40.48515,0.0,0.0,5.2971907,8.124239,9.110826
79200,0.40028253,34.875927,9.227297,41.51456,5.271667,7.9044523,63.69059,92.08174,92.08174,32.40428,32.092102,36.85024,38.830257,39.01151,42.32232,44.7762,41.301,42.20055,47.6382,47.63099,49.706898,46.777905,45.636326,31.613487,33.135487,46.846134,38.3812,46.01718,47.38602,47.041637,41.803326,42.607235,37.72751,27.7791,43.64419,44.967976,45.007744,44.588257,44.588257,46.721855,47.168503,47.168697,46.591797,46.585094,42.889935,42.89271,42.888206,41.977695,40.040066,40.22264,41.482864,44.168682,37.73952,39.89956,40.679436,38.350605,44.385742,43.519417,42.88958,38.82397,37.367306,43.183186,40.80776,38.539806,43.902355,41.11766,41.099743,41.048756,41.348297,41.954853,40.737064,40.00189,41.677166,38.959373,39.26374,39.263744,38.95884,37.740025,37.74003,34.083942,32.27265,35.029915,41.66107,39.11261,46.333786,46.292377,45.793503,38.997654,45.486237,43.51104,41.3296,40.504322,0.0,0.0,5.271667,7.9044523,9.227292
82800,-0.6235526,34.521534,9.425001,41.021816,5.113523,7.567743,63.683887,92.036964,92.036964,31.380445,31.070362,35.92431,37.905838,37.999786,41.54537,44.048523,40.507298,41.493637,47.391605,47.22828,49.579433,46.649628,45.56305,31.717476,33.238693,46.945404,38.219643,45.679245,47.031628,46.678055,41.43011,42.231228,37.363216,27.416613,43.33773,44.583473,44.5727,44.144024,44.14402,46.27762,46.688194,46.688534,46.09715,46.089954,42.3977,42.40158,42.39546,41.467438,39.428856,39.61261,40.828445,43.600918,37.026268,39.208233,39.993557,37.615086,43.77522,42.900528,42.27048,38.185173,36.748676,42.538006,40.176197,37.8792,43.214966,40.421356,40.392044,40.30355,40.599228,41.203545,39.986794,39.29153,40.965977,38.27906,38.585987,38.586075,38.28109,37.065704,37.0657,33.416775,31.671204,34.438816,41.070248,38.495323,45.622433,45.569214,45.324135,38.40466,44.961964,43.017597,40.711853,39.88328,0.0,0.0,5.113523,7.567743,9.425001
86400,0.21085688,29.257036,9.530027,41.28385,4.811332,6.9978094,63.73968,92.410866,92.410866,32.214855,31.900658,36.726906,38.70617,38.81979,42.147568,44.59863,41.17415,42.241943,48.06516,47.935177,50.336365,47.71895,46.203056,31.994507,33.51482,47.22464,37.87873,44.877693,44.172363,46.162025,41.10865,41.989277,37.82385,27.886288,43.939835,45.082478,44.99916,44.55482,44.55482,46.68842,47.033607,47.033833,46.398388,46.39124,42.654793,42.653263,42.657425,41.739136,39.800415,39.993767,41.283577,43.973995,37.557735,39.72129,40.504772,38.17023,44.086185,43.20908,42.57989,38.61426,37.05985,42.76545,40.45454,38.048958,43.284626,40.457317,40.432713,40.37385,40.67258,41.278667,40.061096,39.270763,40.945866,38.213047,38.50149,38.501392,38.196472,36.974976,36.975002,33.316364,31.472406,34.231846,41.804092,39.23314,46.372753,46.322918,45.69096,38.814487,45.31304,43.290573,41.022945,40.190506,0.0,0.0,4.811332,6.9978094,9.530023
90000,28.402805,29.511406,9.782825,42.107643,4.9244275,6.823444,63.782196,92.697334,92.697334,40.34971,39.256668,41.696198,43.458935,44.439686,45.658142,47.50965,44.695972,45.38246,49.059242,49.668846,51.17013,48.535465,46.932335,32.403976,33.923637,47.62738,38.203423,45.168297,44.42673,46.463078,41.440315,42.336544,38.39964,28.457283,44.9217,46.054874,45.969154,45.517506,45.517506,47.651093,47.95344,47.95389,47.248993,47.240643,43.4727,43.46685,43.481373,42.58766,40.7165,40.96947,42.548397,45.1228,39.522522,41.6609,42.42377,40.560402,44.650517,43.745693,43.114567,39.777294,37.600815,43.06847,40.872936,38.221233,43.230007,40.326588,40.278526,40.161728,40.454487,41.05711,39.84115,39.036182,40.710007,37.99013,38.266598,38.266438,37.961395,36.73858,36.738625,33.07952,31.22146,33.996876,44.493767,42.066544,49.66465,49.731247,46.633965,40.309025,46.35598,44.12292,41.5697,40.714638,0.0,0.0,4.924423,6.823444,9.782816
93600,28.907337,30.614796,10.122889,43.011063,5.3180504,6.5481353,63.82336,92.97591,92.97591,41.978523,40.936176,43.102432,44.87065,46.12054,46.975224,48.730984,45.952663,46.45144,49.961014,50.61894,51.97852,49.327156,47.671562,32.893322,34.41403,48.122787,39.04456,46.242683,45.53012,47.587887,42.580887,43.481148,39.509754,29.56493,45.841393,46.99344,46.91735,46.4637,46.4637,48.597298,48.889343,48.889606,48.17034,48.16204,44.370697,44.359333,44.38482,43.49213,41.650627,41.90507,43.52067,46.083958,40.595394,42.729607,43.48992,41.709988,45.58309,44.675976,44.045277,40.736656,38.52566,43.84553,41.73773,38.898857,43.735077,40.773483,40.7315,40.662502,40.96019,41.56567,40.34838,39.250034,40.924915,38.170307,38.351475,38.35035,38.045406,36.79376,36.793957,33.102806,31.14315,33.90538,45.532047,43.11761,50.741142,50.83348,47.574036,41.305912,47.308517,45.03145,42.496864,41.636566,0.0,0.0,5.3180456,6.5481353,10.12288
97200,28.619526,29.753262,10.520994,42.35438,5.825131,6.777168,65.812775,65.81244,65.8121,41.049706,39.99424,41.964046,43.73308,45.13842,45.909504,47.721607,44.813152,45.14437,48.572063,49.28462,50.420357,46.96216,46.457935,32.748333,34.2683,47.977245,38.484272,45.379948,44.668594,46.641014,41.575405,42.451485,38.25861,28.314985,44.58951,45.931442,45.984833,45.55867,45.558662,47.69226,48.09889,48.099144,47.452698,47.44461,43.728016,43.72803,43.728138,42.84101,40.966896,41.21552,42.751007,45.317085,39.70152,41.835335,42.59483,40.767273,44.91599,44.010834,43.378616,39.995197,37.87854,43.353416,41.159554,38.504276,43.50976,40.605076,40.569485,40.50223,40.8001,41.405678,40.188343,39.23582,40.910744,38.16807,38.402473,38.40188,38.09693,36.861065,36.861183,33.187965,31.302107,34.06386,44.22675,41.817528,49.449333,49.554234,46.74551,40.47793,46.53817,44.3577,41.84379,40.982586,0.0,0.0,5.825131,6.777168,10.520994
100800,29.152807,30.365818,10.445092,42.810337,5.9799814,6.841024,65.81886,65.81853,65.81819,42.769974,41.762947,43.307415,45.06652,46.850067,46.93759,48.635983,45.7589,45.901413,48.80684,49.766113,50.50476,47.0441,46.510574,32.716305,34.23744,47.951275,38.81874,45.951626,45.281147,47.253853,42.190636,43.064495,38.761368,28.814573,44.88779,46.310474,46.41498,45.997154,45.997154,48.130756,48.569347,48.569424,47.927856,47.9205,44.182697,44.18163,44.18427,43.308857,41.51172,41.741436,43.30465,45.82805,40.434868,42.56737,43.32045,41.595806,45.565903,44.673473,44.042347,40.53908,38.542297,44.07127,41.85979,39.242092,44.28221,41.388977,41.36911,41.34852,41.651196,42.259563,41.040936,39.94166,41.61761,38.826324,38.993782,38.99239,38.68755,37.426743,37.426964,33.720833,31.668064,34.416946,44.904076,42.52496,50.237183,50.38211,47.20653,41.06574,47.03879,44.819218,42.50482,41.649483,0.0,0.0,5.9799814,6.841024,10.445092
104400,29.026451,36.135025,10.516906,42.81901,6.2683034,7.3202367,65.80371,65.80336,65.80302,42.362667,41.34586,42.979168,44.74223,46.450554,46.71349,48.453857,45.543545,45.70353,48.74356,49.64447,50.432667,46.83996,46.47025,32.75722,34.279526,47.992447,39.590687,47.264103,48.645123,48.290714,43.046635,43.847214,38.90889,28.955141,44.832413,46.267807,46.38194,45.966805,45.966805,48.100395,48.550938,48.55105,47.921227,47.913727,44.193005,44.193073,44.193012,43.31289,41.49303,41.726173,43.26577,45.801888,40.32389,42.456905,43.211636,41.449654,45.524937,44.628872,43.99666,40.50851,38.502083,44.063328,41.83019,39.258694,44.341415,41.46255,41.44073,41.4114,41.71318,42.321026,41.10264,40.0805,41.756252,38.990326,39.19544,39.19447,38.88961,37.64195,37.64211,33.95286,31.988613,34.739906,44.730778,42.34389,50.03361,50.16996,47.183826,41.007282,47.01676,44.82363,42.46453,41.606552,0.0,0.0,6.2683034,7.320232,10.516906
108000,29.120584,36.274788,10.468347,43.040047,6.43594,7.6399894,65.824814,65.824486,65.82414,42.66613,41.65735,43.26366,45.02645,46.764656,46.970436,48.70423,45.793037,45.94025,48.915115,49.84163,50.58732,47.12424,46.58433,32.759827,34.28232,47.99566,39.67241,47.401196,48.784878,48.439266,43.201576,44.004578,39.08253,29.127932,45.01546,46.466095,46.590252,46.177063,46.177063,48.310658,48.769096,48.76919,48.143055,48.135693,44.4138,44.41379,44.413944,43.534733,41.725014,41.954243,43.49301,46.02446,40.563553,42.696346,43.45041,41.695393,45.77955,44.88647,44.254467,40.736046,38.758713,44.34461,42.09932,39.553745,44.660355,41.789513,41.76976,41.744423,42.046616,42.654697,41.4362,40.42038,42.09622,39.327995,39.534397,39.53344,39.228584,37.980907,37.981068,34.29144,32.32323,35.073418,44.95296,42.569687,50.27093,50.410194,47.399452,41.23526,47.2374,45.044807,42.7211,41.86529,0.0,0.0,6.43594,7.6399894,10.468347
111600,28.979626,39.839787,10.57202,43.07489,6.631612,7.976336,65.83033,65.82999,65.82965,42.211685,41.191074,42.939396,44.707474,46.32689,46.77623,48.554283,45.619167,45.80718,48.983086,49.821804,50.663734,47.19842,46.667393,32.861164,34.384525,48.09645,40.27833,48.37491,50.964985,49.267918,43.92879,44.689465,39.355167,29.39407,45.070263,46.504925,46.61943,46.20497,46.20497,48.33857,48.792656,48.792812,48.16923,48.161648,44.44941,44.450405,44.448948,43.56567,41.730057,41.96434,43.487625,46.03522,40.486313,42.61971,43.376022,41.581078,45.754036,44.85652,44.22364,40.736115,38.731926,44.328655,42.07301,39.549545,44.676533,41.81261,41.789204,41.750404,42.051205,42.658485,41.44036,40.49486,42.170406,39.421436,39.658867,39.658253,39.353374,38.116577,38.116684,34.440975,32.541874,35.29578,44.85683,42.46213,50.130238,50.256924,47.424065,41.21436,47.25312,45.077312,42.694332,41.835747,0.0,0.0,6.631612,7.976336,10.57202
115200,29.092287,39.9982,10.672464,43.229855,6.724918,8.138521,65.840126,65.8398,65.839455,42.574924,41.56373,43.25799,45.024624,46.69485,47.040928,48.798332,45.874657,46.042587,49.134483,50.00976,50.79965,47.330364,46.79773,32.97262,34.496075,48.208748,40.41831,48.53319,51.123398,49.428917,44.090233,44.850986,39.516357,29.555357,45.225502,46.664333,46.781055,46.366684,46.366684,48.500282,48.95426,48.954384,48.328133,48.320606,44.6039,44.604187,44.603844,43.72213,41.896965,42.130173,43.66217,46.20261,40.696026,42.82918,43.58448,41.808292,45.9255,45.0273,44.39377,40.907593,38.90562,44.518456,42.25448,39.748775,44.892143,42.03369,42.012955,41.981216,42.28274,42.89045,41.672127,40.715366,42.391068,39.637398,39.86973,39.869053,39.564186,38.32527,38.32539,34.646744,32.732796,35.484753,45.076977,42.687107,50.369038,50.50124,47.585896,41.397156,47.418617,45.233353,42.867916,42.007534,0.0,0.0,6.724918,8.138521,10.672464
118800,28.972519,39.874287,10.787435,43.24865,6.8648763,8.352611,65.81473,65.814384,65.81405,42.18876,41.16878,42.932243,44.70228,46.314545,46.80717,48.609787,45.643642,45.822292,48.995697,49.832718,50.64966,46.988327,46.692127,33.00749,34.530693,48.24241,40.35878,48.409443,50.99948,49.293495,43.950787,44.710274,39.372665,29.41151,45.111813,46.58696,46.729305,46.32102,46.32102,48.45461,48.934647,48.9348,48.328865,48.32129,44.625355,44.629147,44.622665,43.739216,41.890347,42.12449,43.62764,46.17893,40.58487,42.718296,43.47485,41.65976,45.91354,45.015404,44.381874,40.883217,38.89312,44.52052,42.246643,39.762054,44.924892,42.07303,42.050278,42.009438,42.310024,42.917187,41.69912,40.793255,42.46875,39.724182,39.976315,39.975857,39.670975,38.438732,38.43882,34.76845,32.892117,35.646587,44.86797,42.473064,50.142178,50.267067,47.557323,41.338703,47.396763,45.247032,42.85546,41.99598,0.0,0.0,6.8648763,8.352611,10.787435
122400,28.976616,39.819363,10.699403,43.23989,6.857854,8.446155,65.81034,65.810005,65.80966,42.20198,41.18271,42.927433,44.697044,46.324886,46.79413,48.597206,45.626022,45.796124,48.943523,49.79121,50.586395,46.92934,46.62633,32.92921,34.452454,48.16431,40.29439,48.354492,50.944565,49.240273,43.89815,44.65783,39.320713,29.359402,45.068974,46.556896,46.707844,46.30135,46.30135,48.434948,48.922375,48.922527,48.321064,48.313663,44.616962,44.62108,44.61398,43.73141,41.892696,42.12158,43.61898,46.168354,40.573956,42.70733,43.463657,41.648525,45.948315,45.05595,44.42352,40.876583,38.928566,44.57173,42.291153,39.820873,44.9969,42.14947,42.127556,42.088085,42.388817,42.99605,41.77795,40.879025,42.55455,39.81019,40.064842,40.064404,39.75952,38.527943,38.528027,34.858345,32.98464,35.738728,44.83637,42.442917,50.116447,50.24269,47.542618,41.32725,47.38577,45.238586,42.890873,42.03679,0.0,0.0,6.857854,8.446155,10.699403
126000,28.872465,36.05253,10.628002,43.17774,6.844408,8.534641,65.80158,65.80125,65.8009,41.86604,40.838776,42.63586,44.407646,45.989586,46.566887,48.399914,45.40288,45.584816,48.793224,49.61511,50.46393,46.81143,46.507446,32.83216,34.35414,48.065186,39.57529,47.191868,48.56262,48.211376,42.96832,43.7701,38.865963,28.911474,44.93205,46.43964,46.604645,46.20158,46.20158,48.33518,48.83742,48.8376,48.248207,48.24074,44.556976,44.56386,44.551697,43.66939,41.812656,42.042744,43.523006,46.08011,40.42758,42.561104,43.318348,41.477325,45.860504,44.967094,44.334213,40.78664,38.84094,44.503716,42.210186,39.767525,44.969,42.13016,42.107193,42.059948,42.359875,42.966656,41.74876,40.899708,42.575066,39.833282,40.10416,40.103893,39.798992,38.572514,38.57257,34.908855,33.057022,35.813255,44.634766,42.237347,49.90053,50.02125,47.452538,41.216152,47.298626,45.17328,42.803226,41.948547,0.0,0.0,6.844408,8.534641,10.628002
129600,28.874575,35.97939,10.517492,43.11589,6.759641,8.512638,65.7951,65.794754,65.79441,41.87284,40.845947,42.615955,44.38675,45.989517,46.52893,48.357296,45.36073,45.53395,48.712536,49.547565,50.37448,46.724087,46.415962,32.730362,34.252396,47.963665,39.490025,47.11759,48.489483,48.138817,42.896328,43.698254,38.792908,28.83828,44.856495,46.37092,46.54041,46.138203,46.138203,48.2718,48.77749,48.777664,48.19002,48.18277,44.49428,44.50012,44.48989,43.607056,41.76617,41.989853,43.467422,46.021584,40.377853,42.51133,43.26827,41.43141,45.85444,44.968548,44.33742,40.732006,38.834747,44.501453,42.208942,39.76412,44.96361,42.124092,42.101593,42.056534,42.356686,42.963596,41.74564,40.887474,42.562878,39.8207,40.088856,40.08856,39.783665,38.556316,38.556374,34.891636,33.03661,35.79224,44.578667,42.182976,49.851,49.9738,47.391506,41.160587,47.239784,45.112488,42.797077,41.949734,0.0,0.0,6.759641,8.512638,10.517497
133200,28.917332,35.95391,10.418764,43.084576,6.6991377,8.513685,65.78998,65.78963,65.789276,42.010765,40.98752,42.70235,44.471092,46.118916,46.56894,48.382782,45.392796,45.549854,48.6578,49.523186,50.30414,46.65501,46.34324,32.64404,34.166183,47.878036,39.43873,47.08907,48.46401,48.113636,42.87173,43.673668,38.76151,28.806658,44.8085,46.331467,46.506363,46.105038,46.10503,48.23863,48.747677,48.747826,48.16074,48.1536,44.460625,44.46389,44.458366,43.572853,41.744595,41.965252,43.446743,45.995613,40.379833,42.513153,43.26933,41.445477,45.850693,44.967022,44.336113,40.709946,38.832207,44.508865,42.212154,39.77629,44.984043,42.14728,42.126526,42.087048,42.38778,42.99502,41.776913,40.90633,42.58186,39.839096,40.10369,40.10335,39.798473,38.56981,38.569874,34.90346,33.04253,35.79662,44.581608,42.190018,49.86979,49.997253,47.36071,41.14459,47.212692,45.0816,42.7944,41.948547,0.0,0.0,6.6991377,8.513685,10.418764
136800,28.999472,35.97623,10.339266,43.122005,6.7008586,8.55619,65.78648,65.78613,65.78578,42.275677,41.259308,42.898544,44.664482,46.37628,46.696686,48.492817,45.50863,45.645477,48.636627,49.54806,50.255966,46.607967,46.293518,32.58009,34.10239,47.81506,39.42433,47.106823,48.48633,48.136204,42.894985,43.696854,38.773804,28.818583,44.80222,46.344677,46.532234,46.133255,46.13325,48.266853,48.785233,48.785355,48.201897,48.195023,44.49637,44.497654,44.49564,43.60942,41.803528,42.016777,43.499672,46.039814,40.461143,42.594143,43.349144,41.54192,45.955196,45.079075,44.44968,40.762383,38.93775,44.622696,42.325256,39.890945,45.100117,42.263813,42.245235,42.213497,42.515022,43.122723,41.904404,41.00745,42.68315,39.93685,40.192238,40.191795,39.886925,38.655064,38.65514,34.98472,33.10695,35.85891,44.65256,42.26774,49.968197,50.10205,47.395336,41.201492,47.25425,45.119965,42.899815,42.06062,0.0,0.0,6.7008586,8.55619,10.339266
140400,1.6552291,35.506573,10.292032,42.50964,6.77124,8.677061,65.74933,65.74897,65.74862,33.659225,33.347034,37.99148,39.967953,40.26435,43.452934,45.8892,42.4054,43.088192,47.90974,48.105236,49.74325,46.10778,45.83601,32.358887,33.881012,47.594467,39.05895,46.632225,48.016663,47.637016,42.37569,43.168888,38.15564,28.206078,44.06828,45.59964,45.778908,45.386868,45.386868,47.520462,48.07761,48.077698,47.557392,47.551044,43.89718,43.912872,43.883175,42.99847,41.09378,41.276302,42.547733,45.204586,38.837204,40.9869,41.76006,39.457294,45.434948,44.573914,43.944725,39.884888,38.421356,44.23297,41.86327,39.583107,44.934395,42.145844,42.134487,42.110245,42.412544,43.0207,41.80217,41.00472,42.680584,39.938618,40.229027,40.22892,39.92407,38.70196,38.701984,35.042126,33.204075,35.953964,42.388535,39.875385,47.22493,47.19636,46.668175,40.06734,46.46739,44.497948,42.382553,41.559204,0.0,0.0,6.77124,8.677061,10.292037
144000,1.58781,38.83111,10.059395,42.38437,6.42202,8.639156,65.741714,65.74135,65.74099,33.59181,33.279003,37.92253,39.897903,40.19521,43.372204,45.805145,42.331837,43.018566,47.836998,48.03124,49.638824,46.005127,45.717327,32.179394,33.702484,47.41616,39.408844,47.365917,49.95631,48.226543,42.86929,43.623135,38.247547,28.2927,43.986355,45.504555,45.6746,45.28056,45.28056,47.414158,47.96285,47.962936,47.436745,47.430473,43.76809,43.779682,43.757893,42.865776,40.98011,41.160797,42.44071,45.091663,38.743423,40.892246,41.6652,39.367138,45.33204,44.472816,43.843414,39.774883,38.319206,44.14341,41.764847,39.503597,44.872322,42.08963,42.07948,42.057358,42.35988,42.96816,41.749565,40.959717,42.635628,39.89392,40.187057,40.18697,39.882126,38.660667,38.660683,35.00144,33.16522,35.91452,42.31711,39.804295,47.15522,47.126648,46.556263,39.9668,46.35294,44.373993,42.280167,41.459858,0.0,0.0,6.42202,8.639156,10.0594
147600,1.4864023,38.68032,9.865965,42.222706,6.1445208,8.590782,65.73031,65.72995,65.72958,33.4904,33.177036,37.816288,39.790794,40.091785,43.257294,45.68581,42.219875,42.899456,47.68356,47.88972,49.480797,45.851616,45.554825,31.99873,33.52188,47.235817,39.246155,47.21508,49.805523,48.077625,42.720768,43.474693,38.09806,28.143354,43.832897,45.35056,45.51996,45.12564,45.12564,47.259243,47.806477,47.806553,47.27834,47.272167,43.604588,43.61413,43.59624,42.701164,40.833233,41.011593,42.297977,44.94239,38.613903,40.761597,41.53404,39.24177,45.19842,44.34159,43.711964,39.629868,38.18698,44.029385,41.63972,39.402153,44.7927,42.01734,42.008675,41.989075,42.29185,42.900284,41.68163,40.9014,42.577366,39.836205,40.132763,40.132706,39.827866,38.60721,38.607224,34.948742,33.114388,35.86299,42.18927,39.678356,47.036255,47.00831,46.400528,39.82887,46.20012,44.213272,42.14743,41.331367,0.0,0.0,6.1445208,8.590782,9.86597
151200,1.5011501,38.574608,9.683003,42.124046,5.911251,8.525452,65.720924,65.72056,65.72019,33.50515,33.190605,37.82131,39.794693,40.10165,43.250168,45.668083,42.213474,42.871243,47.571884,47.806664,49.35308,45.72524,45.420273,31.835924,33.359177,47.07361,39.117672,47.109283,49.699806,47.975533,42.619476,43.373566,37.995033,28.04046,43.72682,45.251278,45.42479,45.031,45.031,47.1646,47.71335,47.713406,47.18367,47.177635,43.503693,43.510708,43.49757,42.59994,40.757816,40.933697,42.23242,44.86528,38.575214,40.72085,41.492138,39.21222,45.137283,44.283676,43.654488,39.559967,38.127182,43.976257,41.58434,39.351574,44.746555,41.97267,41.965343,41.950363,42.25362,42.862328,41.64354,40.853012,42.529083,39.7863,40.08004,40.079952,39.77512,38.553528,38.553547,34.893917,33.057526,35.80486,42.139786,39.63355,47.00848,46.98221,46.30725,39.771725,46.115578,44.11576,42.08704,41.274307,0.0,0.0,5.911251,8.525452,9.683003
154800,1.3560381,38.424988,9.517698,41.97693,5.7406898,8.516317,65.71043,65.71006,65.70969,33.36004,33.0455,37.67607,39.649464,39.956566,43.105114,45.523056,42.068283,42.725716,47.425697,47.66071,49.206673,45.58386,45.271366,31.677197,33.20045,46.91488,38.964226,46.95967,49.550186,47.82676,42.471165,43.225426,37.848106,27.893476,43.581,45.105957,45.279808,44.886093,44.886093,47.019688,47.568745,47.568798,47.03937,47.033485,43.356144,43.36262,43.350525,42.452286,40.621,40.79248,42.088333,44.719925,38.430355,40.575924,41.347206,39.067307,45.02682,44.177578,43.548813,39.41689,38.018017,43.889755,41.48725,39.27707,44.69287,41.925983,41.919464,41.904488,42.207737,42.816444,41.59766,40.823685,42.499752,39.75838,40.057507,40.05747,39.752636,38.532486,38.532497,34.874397,33.0415,35.78883,41.99409,39.487896,46.862953,46.8367,46.16254,39.626663,45.97045,43.96948,41.97727,41.17094,0.0,0.0,5.7406898,8.516317,9.517702
158400,0.83786047,38.140255,9.358507,41.693375,5.583071,8.45247,65.69319,65.69282,65.69245,32.841858,32.52955,37.180916,39.15746,39.44697,42.63912,45.075726,41.59528,42.293934,47.1591,47.337353,48.970333,45.351826,45.044205,31.489159,33.012226,46.725563,38.717514,46.675125,49.265457,47.536644,42.180557,42.934925,37.564396,27.609226,43.30584,44.821,44.989285,44.595078,44.595078,46.728672,47.27705,47.27715,46.752895,46.747066,43.073563,43.081444,43.06692,42.16759,40.309654,40.475067,41.737522,44.389664,38.024467,40.174248,40.947895,38.64421,44.754875,43.91071,43.282997,39.077835,37.74485,43.63878,41.226467,39.037205,44.472294,41.711906,41.703312,41.677982,41.980167,42.588253,41.36976,40.624714,42.300556,39.57203,39.876884,39.876896,39.572044,38.35342,38.35342,34.69735,32.884666,35.634857,41.604492,39.08908,46.43044,46.401043,45.870346,39.254673,45.658237,43.68496,41.70483,40.905647,0.0,0.0,5.583071,8.45247,9.358512
162000,0.41936043,37.873104,9.1737795,41.373226,5.362373,8.189946,65.67604,65.67566,65.675285,32.42336,32.111614,36.78253,38.76111,39.030277,42.253796,44.692955,41.20389,41.931046,46.894386,47.039543,48.732132,45.12086,44.812473,31.284634,32.80758,46.520245,38.47517,46.408096,48.998306,47.26576,41.908993,42.66326,37.295105,27.339828,43.027184,44.524075,44.680485,44.28412,44.28412,46.417713,46.95787,46.957996,46.431286,46.425316,42.754227,42.76316,42.74678,41.848736,39.96618,40.13357,41.385887,44.047752,37.65557,39.80776,40.582634,38.270775,44.40006,43.552696,42.924343,38.729774,37.388935,43.281628,40.868416,38.68108,44.117943,41.358173,41.34774,41.316,41.61753,42.225235,41.006916,40.269714,41.945415,39.223015,39.52912,39.529163,39.224297,38.00683,38.00683,34.352955,32.55885,35.310802,41.26706,38.74616,46.06725,46.03615,45.55349,38.8934,45.32704,43.364365,41.349407,40.547684,0.0,0.0,5.362373,8.189946,9.173784
165600,0.3709541,34.831985,9.172751,41.488136,5.2501006,7.9280596,63.68841,92.06721,92.06721,32.374954,32.06283,36.819912,38.79997,38.98226,42.29372,44.747925,41.271255,42.1676,47.598965,47.59376,49.66451,46.73629,45.591885,31.56244,33.084442,46.795097,38.33428,45.973232,47.342075,46.998325,41.760475,42.56457,37.68666,27.738161,43.607563,44.934963,44.977207,44.558224,44.558224,46.69182,47.14054,47.140736,46.5651,46.55843,42.863567,42.866417,42.861786,41.951363,40.014988,40.196674,41.45555,44.141273,37.71133,39.87134,40.65117,38.322334,44.366043,43.500645,42.870808,38.797127,37.347805,43.169384,40.790325,38.53012,43.899807,41.11751,41.099815,41.048832,41.348377,41.95493,40.737144,40.004707,41.67998,38.96365,39.26833,39.268337,38.96343,37.74483,37.74483,34.089233,32.282757,35.04002,41.62646,39.078365,46.300877,46.259594,45.764877,38.969833,45.458694,43.484535,41.310085,40.48609,0.0,0.0,5.2501006,7.9280596,9.172747
169200,-0.65862954,34.475986,9.37319,40.989246,5.0891666,7.5757375,63.681564,92.02147,92.02147,31.34537,31.035315,35.88849,37.870033,37.964817,41.511036,44.014477,40.472202,41.45594,47.348915,47.187172,49.534187,46.6052,45.51657,31.667336,33.188553,46.895267,38.172176,45.6337,46.98608,46.632824,41.38513,42.186356,37.31939,27.372726,43.29711,44.54572,44.536907,44.10863,44.10863,46.24222,46.654427,46.65477,46.064323,46.057148,42.3652,42.369152,42.36289,41.43477,39.397068,39.580215,40.79522,43.568172,36.99271,39.174603,39.95988,37.58127,43.746952,42.87281,42.242764,38.15224,36.7207,42.514423,40.150074,37.858498,43.19926,40.407333,40.378124,40.28963,40.585304,41.18962,39.972874,39.27863,40.95308,38.266907,38.57439,38.574486,38.2695,37.0545,37.054493,33.406235,31.665907,34.433514,41.031223,38.45659,45.58475,45.53163,45.289852,38.371605,44.92882,42.98495,40.683823,39.85569,0.0,0.0,5.089171,7.5757375,9.37319
172800,0.17926347,29.215391,9.480449,41.254173,4.784227,6.995866,63.73764,92.397194,92.397194,32.18326,31.8691,36.694683,38.673977,38.788246,42.116413,44.567665,41.14226,42.208046,48.027317,47.898598,50.296528,47.67993,46.16157,31.9477,33.46802,47.177845,37.83492,44.836052,44.130722,46.12096,41.06798,41.94877,37.784798,27.847168,43.903637,45.048553,44.96679,44.52277,44.52277,46.656364,47.00286,47.003086,46.368435,46.3613,42.62517,42.62368,42.627747,41.709534,39.7714,39.964268,41.253242,43.943604,37.52685,39.69038,40.47383,38.139286,44.059856,43.18315,42.553963,38.584225,37.033863,42.744083,40.430614,38.030495,43.271206,40.445587,40.421173,40.362316,40.66105,41.26713,40.04956,39.262608,40.93771,38.205566,38.495068,38.49498,38.190052,36.968803,36.96883,33.310284,31.466568,34.226,41.76916,39.198433,46.338886,46.289135,45.659794,38.78376,45.282566,43.26082,40.9969,40.164722,0.0,0.0,4.784227,6.995866,9.480444
176400,28.39381,29.470814,9.73501,42.075356,4.8953457,6.8136024,63.780243,92.684135,92.684135,40.320633,39.226997,41.66247,43.425144,44.40849,45.624577,47.476074,44.661655,45.34627,49.02217,49.631783,51.131775,48.497906,46.892403,32.358906,33.878574,47.582317,38.16095,45.127705,44.386143,46.422977,41.40057,42.296944,38.36138,28.418995,44.885593,46.020103,45.93529,45.48383,45.48382,47.617416,47.92052,47.92097,47.216553,47.208218,43.440456,43.434647,43.449085,42.55542,40.684715,40.937355,42.515686,45.090042,39.4892,41.62756,42.39042,40.52701,44.620354,43.71575,43.084625,39.744797,37.571106,43.04257,40.844997,38.197624,43.2104,40.308327,40.260414,40.143616,40.43637,41.038994,39.823032,39.020687,40.69451,37.975197,38.252476,38.252316,37.947273,36.72464,36.72469,33.06556,31.208277,33.983696,44.457092,42.029995,49.62844,49.6952,46.600792,40.275955,46.323185,44.09059,41.539852,40.684944,0.0,0.0,4.8953457,6.8136024,9.735001
180000,28.898575,30.574986,10.076431,42.978016,5.2881126,6.5336523,63.82146,92.963,92.963,41.95027,40.907288,43.069744,44.83781,46.089954,46.9418,48.69741,45.91866,46.41599,49.924515,50.58296,51.941113,49.290524,47.632683,32.84957,34.370277,48.079037,39.003098,46.202873,45.49031,47.548584,42.541935,43.442337,39.472237,29.527378,45.805584,46.958584,46.883156,46.42964,46.429638,48.563236,48.855835,48.856102,48.13717,48.128872,44.337696,44.326378,44.35178,43.45914,41.617928,41.872154,43.487362,46.050587,40.56179,42.696,43.456295,41.676434,45.551403,44.644424,44.013725,40.70349,38.494312,43.816998,41.70767,38.872047,43.711277,40.750687,40.7088,40.639812,40.937496,41.542973,40.325687,39.23006,40.90494,38.150646,38.33286,38.33174,38.0268,36.77546,36.77566,33.084873,31.1268,33.889038,45.49659,43.08224,50.70593,50.79847,47.54034,41.27239,47.275124,44.998375,42.46541,41.605206,0.0,0.0,5.2881126,6.5336523,10.076422
183600,29.004503,30.980555,10.485802,43.36236,5.8018436,6.763145,63.840786,93.09422,93.09422,42.29191,41.257626,43.442856,45.212837,46.457882,47.323414,49.08001,46.30039,46.797466,50.30585,50.964237,52.321163,49.66274,48.01785,33.250694,34.771427,48.48037,39.40658,46.607235,45.89588,47.95253,42.944775,43.844624,39.866566,29.921734,46.186836,47.339474,47.263657,46.81001,46.810005,48.943604,49.235577,49.23584,48.51587,48.507378,44.72389,44.714203,44.736115,43.845234,41.990932,42.251583,43.869,46.43258,40.945053,43.079227,43.839474,42.059536,45.883427,44.969284,44.33707,41.084347,38.82692,44.13361,42.030987,39.181072,44.007126,41.042095,41.000294,40.933044,41.23091,41.83649,40.619156,39.505173,41.180088,38.422855,38.597874,38.596684,38.291744,37.038082,37.038296,33.34469,31.373875,34.135628,45.877228,43.462723,51.086403,51.1783,47.92032,41.65443,47.656586,45.381172,42.79764,41.9301,0.0,0.0,5.8018436,6.763145,10.485792
187200,29.149775,30.352592,10.43108,42.797783,5.9669685,6.833671,65.81793,65.81759,65.81725,42.760212,41.752937,43.296165,45.05518,46.839367,46.925594,48.623837,45.74684,45.88926,48.794,49.75354,50.49182,47.031532,46.497425,32.70254,34.22368,47.93751,38.805286,45.938393,45.26792,47.240685,42.177517,43.051388,38.748417,28.801617,44.875015,46.29779,46.402363,45.98455,45.984547,48.118145,48.55679,48.556866,47.915333,47.907974,44.17014,44.16907,44.17171,43.296307,41.49928,41.72895,43.29216,45.815517,40.422504,42.555,43.308075,41.58354,45.553745,44.661358,44.03023,40.526592,38.530186,44.059784,41.84796,39.231,44.271797,41.378784,41.35894,41.338345,41.641026,42.24939,41.030766,39.932144,41.608093,38.816948,38.984703,38.983315,38.678474,37.41776,37.417984,33.711967,31.659784,34.40866,44.891804,42.512733,50.22508,50.370068,47.19396,41.053265,47.026245,44.806667,42.492706,41.637398,0.0,0.0,5.966964,6.833671,10.43108
190800,29.023354,36.121838,10.503358,42.806328,6.255449,7.31207,65.80275,65.80241,65.80206,42.352676,41.335617,42.96766,44.73064,46.43961,46.70128,48.44151,45.531254,45.691113,48.73048,49.63167,50.419464,46.827084,46.457035,32.743866,34.266167,47.979088,39.57743,47.250904,48.63193,48.277534,43.033474,43.834053,38.89577,28.942022,44.819424,46.254932,46.36915,45.954025,45.954025,48.087624,48.53823,48.538345,47.908558,47.901054,44.18032,44.180386,44.180325,43.300213,41.48046,41.713554,43.253128,45.789204,40.31135,42.444363,43.19908,41.43721,45.51265,44.616623,43.9844,40.49588,38.48983,44.051674,41.818207,39.24741,44.330772,41.45213,41.43033,41.400997,41.70277,42.310616,41.09223,40.070694,41.746445,38.98063,39.18599,39.185024,38.880165,37.63258,37.632744,33.943592,31.979795,34.73109,44.718254,42.331413,50.02125,50.157654,47.171093,40.994648,47.00407,44.81095,42.45228,41.59433,0.0,0.0,6.255444,7.31207,10.503363
194400,29.117718,36.262478,10.4552965,43.02793,6.4231777,7.631017,65.82395,65.823616,65.82327,42.656887,41.64787,43.253033,45.01574,46.754524,46.95909,48.6927,45.781643,45.928783,48.90311,49.829857,50.57529,47.112564,46.572117,32.74705,34.269535,47.98288,39.659904,47.38889,48.77257,48.427,43.189346,43.992363,39.07044,29.115839,45.00345,46.454067,46.578217,46.165028,46.165028,48.298626,48.757042,48.757137,48.130985,48.123623,44.401676,44.40167,44.40183,43.52263,41.713017,41.942204,43.481018,46.01242,40.551746,42.684544,43.4386,41.68372,45.767742,44.87469,44.242687,40.724037,38.746933,44.333225,42.08772,39.542614,44.649654,41.77896,41.759216,41.73388,42.03607,42.644154,41.425655,40.410236,42.086082,39.317932,39.524517,39.523552,39.2187,37.971077,37.971233,34.281677,32.31378,35.063972,44.941425,42.558193,50.25953,50.39885,47.38741,41.223305,47.225357,45.0327,42.709312,41.85353,0.0,0.0,6.4231777,7.631017,10.455292
198000,28.976774,39.827866,10.5593405,43.062866,6.6191707,7.966802,65.829475,65.82914,65.828804,42.20248,41.18164,42.928833,44.696835,46.316807,46.76501,48.54287,45.607903,45.79581,48.97129,49.810207,50.65193,47.18697,46.65544,32.848732,34.372093,48.084023,40.2662,48.362984,50.953064,49.256035,43.916924,44.6776,39.34332,29.382214,45.058434,46.493046,46.60752,46.19306,46.19306,48.326656,48.780716,48.780865,48.157253,48.149677,44.437378,44.43837,44.43692,43.553654,41.718147,41.952396,43.47573,46.023285,40.474613,42.608006,43.364315,41.56952,45.74231,44.844822,44.211937,40.7242,38.720215,44.31731,42.061462,39.538418,44.665802,41.80201,41.778618,41.73982,42.04062,42.647903,41.429775,40.48463,42.16017,39.411243,39.648804,39.648197,39.343315,38.10656,38.106667,34.431007,32.532112,35.28601,44.84543,42.45076,50.118927,50.24568,47.412136,41.202522,47.24118,45.065296,42.682625,41.824055,0.0,0.0,6.6191707,7.966802,10.5593405
201600,29.089544,39.98667,10.660135,43.218246,6.7128534,8.128476,65.83931,65.83897,65.83864,42.56608,41.554657,43.24783,45.014385,46.685158,47.0301,48.787315,45.863792,46.03164,49.123085,49.998566,50.78825,47.319298,46.786175,32.96056,34.48402,48.196682,40.40656,48.52166,51.11187,49.41743,44.078766,44.83952,39.504913,29.543907,45.214077,46.652866,46.769554,46.35518,46.35518,48.488777,48.942722,48.942844,48.316566,48.309036,44.592285,44.59257,44.592236,43.71053,41.885445,42.11863,43.650684,46.191082,40.684734,42.817886,43.57318,41.797134,45.914085,45.015892,44.382362,40.896084,38.89421,44.50726,42.243164,39.737713,44.88131,42.02294,42.002205,41.97047,42.271996,42.8797,41.66138,40.70483,42.38053,39.626892,39.85931,39.85863,39.553764,38.31488,38.314995,34.63638,32.722572,35.474525,45.065983,42.676147,50.358154,50.49041,47.574368,41.38572,47.407078,45.221756,42.856503,41.996136,0.0,0.0,6.7128487,8.128476,10.660135
205200,28.969742,39.862762,10.775439,43.236946,6.8531046,8.342254,65.81389,65.81355,65.81321,42.179802,41.15959,42.921974,44.691936,46.30474,46.79626,48.59868,45.632687,45.811253,48.98425,49.82146,50.63822,46.97715,46.680626,32.9957,34.51891,48.23062,40.347153,48.397923,50.987965,49.282005,43.939297,44.69879,39.36119,29.400036,45.100323,46.575417,46.717716,46.309425,46.30942,48.443024,48.923008,48.923164,48.3172,48.309616,44.613632,44.617416,44.61096,43.7275,41.87872,42.112843,43.616047,46.1673,40.57348,42.7069,43.46345,41.648502,45.90202,45.0039,44.37037,40.871605,38.881607,44.509212,42.235226,39.75088,44.913933,42.06215,42.039402,41.998558,42.299152,42.90631,41.688244,40.782578,42.458076,39.713524,39.965725,39.965263,39.66038,38.428165,38.428253,34.757908,32.881668,35.63614,44.85689,42.46202,50.1312,50.25614,47.5457,41.327168,47.385136,45.23534,42.84395,41.98448,0.0,0.0,6.8531046,8.342254,10.775444
208800,28.97391,39.808098,10.687737,43.228516,6.846417,8.43549,65.80953,65.80919,65.808846,42.19324,41.17374,42.917404,44.68695,46.315315,46.783466,48.586376,45.615326,45.785347,48.932316,49.780197,50.575176,46.91839,46.61507,32.917725,34.440968,48.152824,40.283035,48.343227,50.9333,49.229027,43.886913,44.646595,39.309486,29.348175,45.05774,46.545624,46.696556,46.29006,46.29005,48.42365,48.911053,48.91121,48.30971,48.302315,44.605583,44.60969,44.602608,43.720036,41.88138,42.110252,43.607704,46.15704,40.56286,42.696224,43.452553,41.637554,45.937046,45.04469,44.412254,40.865284,38.9173,44.560577,42.279934,39.809784,44.985928,42.138535,42.116627,42.077152,42.37788,42.985123,41.767017,40.868195,42.543724,39.799362,40.05406,40.053623,39.74874,38.517174,38.517258,34.847588,32.973927,35.728016,44.825542,42.43212,50.105724,50.232025,47.531303,41.316025,47.374447,45.22722,42.87961,42.025536,0.0,0.0,6.846417,8.43549,10.687737
212400,28.86985,36.04166,10.6166725,43.16677,6.8331995,8.523809,65.80081,65.80047,65.80012,41.857605,40.830124,42.6262,44.397915,45.980354,46.556633,48.389484,45.392586,45.57444,48.782486,49.604546,50.45319,46.800953,46.496647,32.82107,34.343052,48.054092,39.564327,47.181007,48.551754,48.20053,42.95749,43.75927,38.855186,28.900703,44.921272,46.428818,46.593777,46.19071,46.19071,48.324303,48.826508,48.82669,48.237267,48.2298,44.545998,44.552868,44.540733,43.658417,41.801727,42.031815,43.512135,46.069202,40.41689,42.55041,43.30765,41.466755,45.849583,44.95617,44.323288,40.77575,38.830017,44.492805,42.19927,39.756626,44.958126,42.119297,42.09632,42.049084,42.34901,42.955788,41.7379,40.888863,42.564217,39.822433,40.09332,40.093056,39.78815,38.561672,38.56173,34.898014,33.046192,35.80242,44.624367,42.22697,49.890213,50.01099,47.441635,41.205334,47.287727,45.16232,42.792297,41.937626,0.0,0.0,6.8331995,8.523809,10.616677
216000,28.87201,35.96875,10.50647,43.105095,6.748656,8.501779,65.794334,65.79399,65.79365,41.864574,40.837467,42.606483,44.37721,45.980457,46.518867,48.347054,45.350628,45.523773,48.702003,49.53721,50.36396,46.71381,46.405396,32.719547,34.24158,47.952847,39.479313,47.106956,48.478848,48.128197,42.885715,43.68765,38.782352,28.827717,44.845917,46.360275,46.529728,46.127514,46.127514,48.26111,48.766754,48.766933,48.17925,48.172,44.48348,44.489307,44.47909,43.59626,41.7554,41.97909,43.456722,46.01086,40.367344,42.500816,43.25775,41.42103,45.843662,44.957767,44.32664,40.721287,38.823963,44.490658,42.198154,39.75331,44.952785,42.113266,42.09076,42.0457,42.345856,42.952763,41.73481,40.876625,42.552032,39.809856,40.078003,40.077705,39.77281,38.54546,38.54552,34.88078,33.02575,35.781384,44.568474,42.172806,49.840885,49.963737,47.38079,41.14995,47.22905,45.101696,42.786293,41.938957,0.0,0.0,6.748656,8.501779,10.50647
219600,28.914806,35.94346,10.40803,43.07384,6.6883855,8.502848,65.789215,65.78887,65.78853,42.00262,40.979164,42.69302,44.461697,46.10999,46.558994,48.372654,45.38283,45.539837,48.647408,49.512966,50.29377,46.644886,46.33284,32.63347,34.155613,47.867466,39.428223,47.078613,48.453552,48.103188,42.861294,43.66323,38.7511,28.796255,44.79805,46.32094,46.495773,46.094437,46.094437,48.228027,48.737022,48.73718,48.15004,48.142902,44.449886,44.453144,44.447636,43.562122,41.733902,41.954563,43.43613,45.98497,40.369423,42.502743,43.25892,41.4352,45.83998,44.956306,44.325394,40.699306,38.82149,44.498127,42.201427,39.765537,44.973267,42.136497,42.115738,42.076263,42.37699,42.984238,41.76613,40.895523,42.57105,39.828293,40.092876,40.092537,39.787655,38.55899,38.55905,34.892647,33.0317,35.78579,44.571552,42.179993,49.859825,49.98734,47.35007,41.134037,47.202045,45.07088,42.783684,41.937836,0.0,0.0,6.6883855,8.502848,10.408034
223200,28.997011,35.965946,10.328811,43.11163,6.690376,8.545395,65.785736,65.785385,65.785034,42.267735,41.25116,42.889423,44.655296,46.36757,46.68695,48.482933,45.498867,45.635666,48.62638,49.538,50.24571,46.59795,46.283264,32.569744,34.09205,47.80471,39.41403,47.09654,48.476048,48.125927,42.884712,43.68658,38.76355,28.808327,44.79195,46.33438,46.52192,46.122936,46.122936,48.25653,48.77489,48.77501,48.19153,48.184654,44.485985,44.487274,44.485264,43.599045,41.793167,42.006424,43.489372,46.029484,40.45101,42.584007,43.33901,41.531902,45.944782,45.068657,44.439262,40.75206,38.927334,44.61222,42.314816,39.880424,45.089527,42.253197,42.234615,42.20288,42.504402,43.112106,41.89379,40.996773,42.672466,39.926163,40.181526,40.181087,39.87622,38.64434,38.64442,34.973995,33.096188,35.848145,44.64269,42.257896,49.958435,50.092335,47.385006,41.19124,47.24391,45.10959,42.8894,42.050198,0.0,0.0,6.690376,8.545395,10.328811
226800,1.6454855,35.496967,10.281878,42.4998,6.7608733,8.6663685,65.74866,65.7483,65.74794,33.649483,33.33729,37.981766,39.95824,40.254604,43.44318,45.879436,42.395676,43.078552,47.90027,48.095715,49.733875,46.098625,45.82653,32.34901,33.871128,47.58458,39.04923,46.622623,48.00706,47.627434,42.36613,43.159332,38.146145,28.19658,44.05873,45.58999,45.769188,45.377132,45.377132,47.510727,48.067814,48.067905,47.54756,47.54121,43.88733,43.90301,43.873333,42.988605,41.083916,41.266453,42.537918,45.19478,38.827423,40.97712,41.75028,39.447514,45.424965,44.563915,43.934727,39.87506,38.411373,44.222866,41.85325,39.572914,44.924038,42.135437,42.124073,42.099834,42.40213,43.010284,41.791756,40.994175,42.67004,39.928066,40.21843,40.218327,39.91347,38.691353,38.69138,35.031506,33.193424,35.943314,42.378944,39.86578,47.21529,47.186718,46.6584,40.05755,46.457577,44.488106,42.372574,41.549194,0.0,0.0,6.760878,8.6663685,10.281883
230400,1.5781734,38.821636,10.049428,42.374626,6.4118066,8.628795,65.741035,65.74068,65.74032,33.582172,33.269367,37.91292,39.888294,40.185574,43.36255,45.79549,42.32222,43.009026,47.82761,48.021805,49.629528,45.99606,45.70794,32.169655,33.69275,47.406425,39.39926,47.35645,49.946835,48.2171,42.85985,43.613705,38.23815,28.283306,43.976902,45.494995,45.66497,45.270916,45.270916,47.40452,47.953156,47.95324,47.427017,47.42074,43.758335,43.769917,43.748146,42.856014,40.97035,41.151047,42.431,45.08195,38.733746,40.88257,41.65552,39.35747,45.322197,44.462955,43.83356,39.76516,38.309357,44.133476,41.75497,39.4936,44.862206,42.07947,42.069317,42.0472,42.349716,42.957996,41.73941,40.949467,42.625378,39.883663,40.17677,40.17668,39.871834,38.650368,38.650394,34.99113,33.154892,35.904194,42.307606,39.79479,47.145683,47.117104,46.546593,39.957108,46.34324,44.36425,42.27032,41.44999,0.0,0.0,6.4118114,8.628795,10.049433
234000,1.4769098,38.67099,9.856184,42.213093,6.1344748,8.580671,65.729645,65.72928,65.72892,33.480907,33.167538,37.806824,39.78133,40.082287,43.247787,45.676292,42.210403,42.89006,47.674313,47.880432,49.47164,45.84267,45.545586,31.989164,33.51231,47.226254,39.23673,47.205757,49.79619,48.068317,42.711475,43.465405,38.0888,28.1341,43.82358,45.34114,45.510475,45.11615,45.11615,47.24974,47.796917,47.796993,47.268745,47.262566,43.59497,43.6045,43.586624,42.69154,40.823612,41.001984,42.288403,44.932816,38.604362,40.75206,41.5245,39.232243,45.188736,44.33189,43.702267,39.620285,38.17729,44.019608,41.629993,39.392323,44.782787,42.007393,41.998722,41.979122,42.281906,42.89033,41.671677,40.89138,42.56735,39.82618,40.122715,40.122658,39.81782,38.59716,38.59717,34.93868,33.104324,35.85293,42.179913,39.66899,47.02685,46.998905,46.39099,39.81932,46.19055,44.203663,42.137737,41.321655,0.0,0.0,6.1344748,8.580671,9.856184
237600,1.4917834,38.565403,9.673405,42.114544,5.901382,8.515559,65.72027,65.7199,65.71954,33.495785,33.181232,37.81197,39.785347,40.092274,43.240784,45.65869,42.20412,42.86197,47.562748,47.79749,49.344036,45.71641,45.411156,31.826517,33.34977,47.064194,39.108383,47.100082,49.690605,47.966343,42.610302,43.364395,37.98589,28.03132,43.717617,45.241978,45.415413,45.021606,45.021606,47.15521,47.7039,47.70396,47.174187,47.16815,43.49418,43.50119,43.488068,42.590427,40.748314,40.924206,42.22296,44.855816,38.565792,40.711433,41.482716,39.20281,45.12772,44.274105,43.64492,39.550495,38.11762,43.96662,41.574745,39.3419,44.736813,41.9629,41.95557,41.940594,42.243847,42.852554,41.63377,40.843178,42.51925,39.776463,40.070187,40.0701,39.765266,38.54367,38.54369,34.884052,33.04764,35.79497,42.130547,39.624302,46.999203,46.97293,46.29783,39.76229,46.106125,44.106266,42.077477,41.264732,0.0,0.0,5.901382,8.515559,9.673405
241200,1.3468294,38.415943,9.508275,41.967587,5.731015,8.506601,65.709785,65.70941,65.709045,33.35083,33.03629,37.666885,39.640278,39.94735,43.09589,45.513824,42.059086,42.7166,47.416718,47.651684,49.19778,45.575176,45.262398,31.667955,33.191216,46.90564,38.955093,46.950623,49.54114,47.817726,42.462143,43.21641,37.839115,27.884487,43.57195,45.096806,45.270588,44.876858,44.876858,47.01046,47.559452,47.559505,47.030056,47.024162,43.34679,43.353256,43.34118,42.44293,40.61165,40.783146,42.07903,44.710617,38.421097,40.56666,41.337944,39.058056,45.01742,44.16817,43.539402,39.407578,38.008614,43.88028,41.47781,39.26756,44.683292,41.916386,41.909866,41.894882,42.19814,42.806847,41.58806,40.81403,42.490105,39.748726,40.04784,40.047802,39.74297,38.52281,38.522823,34.864723,33.03182,35.77915,41.98501,39.478806,46.853836,46.827576,46.153275,39.61739,45.96115,43.96014,41.967865,41.16152,0.0,0.0,5.731015,8.506601,9.50828
244800,0.8288703,38.13144,9.349262,41.684288,5.573588,8.442931,65.69256,65.69219,65.69182,32.83287,32.520554,37.171947,39.148487,39.437977,42.63011,45.06672,41.586308,42.285038,47.150356,47.328556,48.961674,45.34337,45.035465,31.480114,33.00318,46.716522,38.7086,46.66631,49.256638,47.527847,42.17178,42.926144,37.555645,27.600471,43.297028,44.81209,44.980316,44.58609,44.58609,46.71969,47.268013,47.268112,46.743828,46.738,43.06447,43.072342,43.05784,42.15849,40.30056,40.465984,41.728466,44.38061,38.015446,40.165226,40.938873,38.635193,44.745728,43.901554,43.273838,39.06877,37.735695,43.62955,41.217274,39.027946,44.46297,41.702576,41.693974,41.66864,41.970833,42.578915,41.36042,40.615356,42.2912,39.562664,39.867516,39.867527,39.56267,38.344048,38.344048,34.68798,32.875256,35.625443,41.59563,39.08021,46.42154,46.392143,45.86133,39.24564,45.64919,43.67588,41.69568,40.89648,0.0,0.0,5.573588,8.442931,9.349262
248400,0.41056564,37.864487,9.1647005,41.364357,5.3530574,8.1805935,65.67543,65.67505,65.674675,32.414562,32.102818,36.773758,38.752335,39.02148,42.244984,44.684135,41.195114,41.922344,46.885838,47.030952,48.72367,45.112602,44.803925,31.27577,32.798714,46.511383,38.46645,46.399475,48.98969,47.257164,41.900414,42.65468,37.286556,27.331274,43.018574,44.515373,44.671722,44.275345,44.275345,46.408943,46.949043,46.949165,46.42243,46.41646,42.74535,42.754272,42.737907,41.839848,39.9573,40.1247,41.37704,44.038906,37.646748,39.798935,40.57381,38.26195,44.39113,43.543755,42.9154,38.72092,37.379997,43.27262,40.85944,38.67205,44.108852,41.349064,41.33864,41.306896,41.608425,42.21613,40.997807,40.2606,41.9363,39.213894,39.519993,39.52003,39.215168,37.9977,37.997692,34.343815,32.54965,35.3016,41.258396,38.737488,46.058548,46.02745,45.54468,38.884567,45.318203,43.355495,41.340477,40.538727,0.0,0.0,5.353062,8.1805935,9.1647005
252000,0.3751213,34.83817,9.180411,41.4919,5.253189,7.9249578,63.688717,92.06926,92.06926,32.37912,32.06699,36.824215,38.804268,38.98642,42.297787,44.751945,41.27548,42.172268,47.604492,47.59902,49.67048,46.742153,45.598137,31.56961,33.091618,46.802265,38.340878,45.97942,47.348263,47.00442,41.76651,42.57058,37.692417,27.743927,43.612732,44.939636,44.98154,44.562485,44.562485,46.696083,47.14452,47.14472,46.568905,46.56223,42.867325,42.870167,42.865547,41.955116,40.01857,40.20038,41.45944,44.14518,37.71534,39.875355,40.65519,38.326355,44.368885,43.50336,42.87352,38.800953,37.35062,43.17143,40.79287,38.53161,43.90033,41.117702,41.09998,41.048996,41.348534,41.95509,40.7373,40.004505,41.679783,38.96325,39.2679,39.267902,38.962997,37.744366,37.744366,34.0887,32.281544,35.038807,41.631355,39.083214,46.305534,46.264236,45.76895,38.973793,45.46262,43.48831,41.312904,40.488728,0.0,0.0,5.253189,7.9249578,9.180407
255600,-0.65366703,34.482395,9.380469,40.993862,5.0926404,7.574784,63.681896,92.02364,92.02364,31.35033,31.040276,35.893555,37.875095,37.969765,41.5159,44.0193,40.47717,41.46126,47.354923,47.19297,49.540554,46.611454,45.52311,31.674381,33.195602,46.902313,38.17885,45.64011,46.99249,46.639194,41.391464,42.192673,37.32556,27.378904,43.302837,44.551056,44.541973,44.113636,44.113636,46.247227,46.659206,46.659554,46.068974,46.061802,42.369804,42.37375,42.367508,41.4394,39.40158,39.58481,40.79993,43.572815,36.997467,39.179367,39.964653,37.58606,43.750973,42.87676,42.24671,38.156914,36.72468,42.51781,40.15381,37.861492,43.20158,40.409416,40.380196,40.291702,40.58738,41.191692,39.974945,39.280567,40.955013,38.26874,38.576145,38.576244,38.27126,37.056206,37.056202,33.40784,31.666792,34.4344,41.03673,38.462055,45.59007,45.536938,45.2947,38.37629,44.93352,42.98958,40.687817,39.859623,0.0,0.0,5.092645,7.574784,9.380469
259200,0.1837376,29.22126,9.487415,41.25839,4.7880826,6.9962754,63.73793,92.399124,92.399124,32.187737,31.873573,36.699245,38.678535,38.792717,42.12083,44.572056,41.14678,42.21284,48.032658,47.903767,50.30214,47.685432,46.167416,31.954285,33.4746,47.184425,37.841084,44.84192,44.136585,46.12675,41.07371,41.95448,37.790306,27.852682,43.90875,45.053352,44.971375,44.527313,44.52731,46.660904,47.007225,47.00745,46.372684,46.365547,42.629375,42.62788,42.631958,41.713737,39.77552,39.968456,41.25755,43.947918,37.531227,39.694763,40.478218,38.143677,44.06361,43.186848,42.55766,38.588486,37.037575,42.74716,40.434044,38.03318,43.273197,40.44735,40.422913,40.364056,40.66279,41.268867,40.051296,39.26389,40.93899,38.206753,38.496113,38.49602,38.191097,36.96981,36.96984,33.31128,31.46752,34.226955,41.774094,39.203342,46.343678,46.293915,45.66421,38.78812,45.286892,43.26504,41.000618,40.1684,0.0,0.0,4.7880826,6.9962754,9.4874115
